id,message_main_attachment_id,sequence,stage_id,project_id,display_project_id,partner_id,company_id,color,displayed_image_id,parent_id,ancestor_id,milestone_id,recurrence_id,analytic_account_id,create_uid,write_uid,email_cc,access_token,name,priority,kanban_state,partner_email,partner_phone,email_from,date_deadline,task_properties,description,working_hours_open,working_hours_close,active,is_closed,is_blocked,recurring_task,is_analytic_account_id_changed,create_date,write_date,date_end,date_assign,date_last_stage_update,rating_last_value,planned_hours,working_days_open,working_days_close,checklist_id,is_timer_running,start_date,end_date,timer_start,timer_pause,total_timer_duration,effective_hours,reviewer_id,campaign_template_id,required_skill_id,smart_required_skill_id,state,workflow_type,task_sequence,auto_assigned,assignment_locked,smart_assignment_locked,task_time,estimated_hours,smart_estimated_hours,progress,jj_cockpit_timer_hours
15,NULL,10,39,9,9,14,1,NULL,NULL,NULL,NULL,NULL,NULL,NULL,2,2,NULL,1114fed2-bb80-4575-8146-cf95fe5ce1cc,Seo Optimization,1,normal,azure.Interior24@example.com,(870)-931-0505,azure.Interior24@example.com,2026-03-30,NULL,NULL,0,0,True,False,False,NULL,NULL,2026-03-18 09:52:36.785907,2026-03-27 09:05:46.749689,NULL,NULL,2026-03-18 09:52:36,0,NULL,0,0,7,False,NULL,2026-03-29,NULL,NULL,0,0,NULL,11,2,1,adjustments_needed,NULL,TASK/0016-PR9-T15,True,False,False,0,20,5,0,1
16,NULL,10,39,9,9,14,1,NULL,NULL,NULL,NULL,NULL,NULL,NULL,2,2,NULL,b22809b4-f9c1-48a4-acbe-825b347f8695,Seo Keyword,0,normal,azure.Interior24@example.com,(870)-931-0505,azure.Interior24@example.com,2026-03-30,NULL,NULL,0,0,True,False,False,NULL,NULL,2026-03-18 09:52:36.785907,2026-03-20 06:36:14.62447,NULL,NULL,2026-03-18 09:52:36,0,NULL,0,0,8,False,NULL,2026-03-28,NULL,NULL,0,0,NULL,11,1,1,adjustments_needed,NULL,TASK/0017-PR9-T16,True,False,False,0,20,5,0,2
19,NULL,10,41,11,11,15,1,NULL,NULL,NULL,NULL,NULL,NULL,NULL,2,2,NULL,1d50090d-f05b-4868-8717-f160ef4820e3,Seo Optimization,0,normal,lumber-inv92@example.com,(828)-316-0593,lumber-inv92@example.com,2026-03-30,NULL,NULL,0,0,True,False,False,NULL,NULL,2026-03-20 05:44:45.678462,2026-03-27 11:15:31.732125,NULL,NULL,2026-03-20 05:44:45,0,NULL,0,0,7,False,NULL,NULL,NULL,NULL,0,0,NULL,11,1,1,adjustments_needed,NULL,TASK/0020-PR11-T19,True,False,False,0,20,5,0,1.70861111111111
20,NULL,10,41,11,11,15,1,NULL,NULL,NULL,NULL,NULL,NULL,NULL,2,2,NULL,75257650-4ac2-4e02-b5e0-973068832669,Seo Keyword,0,normal,lumber-inv92@example.com,(828)-316-0593,lumber-inv92@example.com,2026-03-29,NULL,NULL,0,0,True,False,False,NULL,NULL,2026-03-20 05:44:45.678462,2026-03-27 11:29:12.953712,NULL,NULL,2026-03-25 05:13:49,0,NULL,0,0,8,False,NULL,NULL,NULL,NULL,0,0,NULL,11,1,1,adjustments_needed,NULL,TASK/0021-PR11-T20,True,False,False,0,20,10,0,1
21,NULL,10,41,11,11,15,1,NULL,NULL,NULL,NULL,NULL,NULL,NULL,2,2,NULL,c60dea95-0de5-494a-92ec-73801921eab3,markting,0,normal,lumber-inv92@example.com,(828)-316-0593,lumber-inv92@example.com,2026-03-11,NULL,NULL,0,0,True,False,False,NULL,NULL,2026-03-25 07:24:31.212329,2026-03-26 06:39:03.37521,NULL,2026-03-25 07:24:31,2026-03-25 07:24:31,0,NULL,0,0,NULL,False,NULL,NULL,NULL,NULL,0,0,NULL,11,1,NULL,adjustments_needed,NULL,TASK/0022-PR11-T21,False,False,False,0,20,5,0,1
22,NULL,10,41,11,11,15,1,NULL,NULL,NULL,NULL,NULL,NULL,NULL,2,2,NULL,aa907c0e-e8b5-4025-9eb6-4f9afb606866,Digigtal,0,normal,lumber-inv92@example.com,(828)-316-0593,lumber-inv92@example.com,2026-03-09,NULL,NULL,0,0,True,False,False,NULL,NULL,2026-03-25 09:05:44.63139,2026-03-26 06:28:55.909353,NULL,2026-03-25 09:05:44,2026-03-25 09:05:44,0,NULL,0,0,NULL,False,NULL,NULL,NULL,NULL,0,0,NULL,11,1,NULL,adjustments_needed,NULL,TASK/0023-PR11-T22,False,False,False,0,20,5,0,2
23,NULL,10,41,11,11,15,1,NULL,NULL,NULL,NULL,NULL,NULL,NULL,2,2,NULL,b62da0b2-14ca-41b2-965d-8cace54b7d0f,Off Page SEO,0,normal,lumber-inv92@example.com,(828)-316-0593,lumber-inv92@example.com,2026-02-28,NULL,NULL,0,0,True,False,False,NULL,NULL,2026-03-25 09:10:29.657365,2026-03-26 06:27:44.123667,NULL,2026-03-25 09:10:29,2026-03-25 09:10:29,0,NULL,0,0,NULL,False,NULL,NULL,NULL,NULL,0,0,NULL,11,1,NULL,adjustments_needed,NULL,TASK/0024-PR11-T23,False,False,False,0,20,5,0,2
24,,,,,,,,,,,,,,,,,,,,,,,,,2026-03-13,,,,,,,,,,,,,,,,,,,,,,,,,,,,,1,,adjustments_needed,,,,,,,20,,,1
25,,,,,,,,,,,,,,,,,,,,,,,,,2026-03-14,,,,,,,,,,,,,,,,,,,,,,,,,,,,,2,,adjustments_needed,,,,,,,20,,,1
26,,,,,,,,,,,,,,,,,,,,,,,,,2026-03-14,,,,,,,,,,,,,,,,,,,,,,,,,,,,,1,,adjustments_needed,,,,,,,20,,,1
27,,,,,,,,,,,,,,,,,,,,,,,,,2026-03-14,,,,,,,,,,,,,,,,,,,,,,,,,,,,,2,,adjustments_needed,,,,,,,20,,,1
28,,,,,,,,,,,,,,,,,,,,,,,,,2026-03-14,,,,,,,,,,,,,,,,,,,,,,,,,,,,,1,,adjustments_needed,,,,,,,20,,,
29,,,,,,,,,,,,,,,,,,,,,,,,,2026-03-14,,,,,,,,,,,,,,,,,,,,,,,,,,,,,1,,adjustments_needed,,,,,,,20,,,
30,,,,,,,,,,,,,,,,,,,,,,,,,2026-03-14,,,,,,,,,,,,,,,,,,,,,,,,,,,,,3,,adjustments_needed,,,,,,,20,,,
