id,company_id,partner_id,active,create_date,login,password,action_id,create_uid,write_uid,signature,share,write_date,totp_secret,notification_type,odoobot_state,odoobot_failed,sale_team_id,target_sales_won,target_sales_done,sidebar_type,collapsible_state,theme_density,weekly_capacity
1,1,2,False,2026-03-13 05:10:22.053981,__system__,NULL,NULL,NULL,1,"<span data-o-mail-quote=""1"">-- <br data-o-mail-quote=""1"">
System</span>",False,2026-03-13 05:17:10.349641,NULL,inbox,disabled,NULL,NULL,NULL,NULL,large,open,comfortable,40
2,1,3,True,2026-03-13 05:10:22.053981,admin,$pbkdf2-sha512$600000$ZkwpReidU2oNIcTYe48RIg$UVob/p1arAA3FmL9YToWFAmNeaIIbUZRHRrfNx6P/qcWT3FTZcLtp96Sx322S9IxttSD0n4vici6bUg3BTMrtw,NULL,1,1,"<span data-o-mail-quote=""1"">-- <br data-o-mail-quote=""1"">Mitchell Admin</span>",False,2026-03-13 05:18:04.180617,NULL,email,disabled,NULL,1,NULL,NULL,large,open,comfortable,40
3,1,5,False,2026-03-13 05:10:22.053981,default,NULL,334,1,1,"<p data-o-mail-quote=""1"">--<br data-o-mail-quote=""1"">Default User Template</p>",False,2026-03-13 05:18:04.180617,NULL,email,NULL,NULL,NULL,NULL,NULL,large,open,comfortable,40
4,1,4,False,2026-03-13 05:10:22.053981,public,$pbkdf2-sha512$600000$mnPO.b.39l4r5dz7P0copQ$Mx1EfUdDrjh4Ws0G69XWNsovds7OmdNLQYtZFM1NFN9NrOtUsHM6atmNJ2NfcRoxx/tJqBwug6Ix6PRBzIpNig,NULL,1,1,"<p data-o-mail-quote=""1"">--<br data-o-mail-quote=""1"">Public user</p>",True,2026-03-13 05:17:10.349641,NULL,email,NULL,NULL,NULL,NULL,NULL,large,open,comfortable,40
5,1,6,False,2026-03-13 05:10:22.053981,portaltemplate,NULL,NULL,1,1,,True,2026-03-13 05:44:56.25805,NULL,email,NULL,NULL,NULL,NULL,NULL,large,open,comfortable,40
6,1,7,True,2026-03-13 05:10:22.053981,demo,$pbkdf2-sha512$600000$fK81RsjZGyNEqHVurTXmvA$btmFCR2OqhladLYtQagU/ann7Uzb1vyIrwncZ2Bdfi4g1VwYmLQE4TyfavXx6oou251qp4gXKsUJPEKcuUTFdg,NULL,1,1,"<span data-o-mail-quote=""1"">-- <br data-o-mail-quote=""1"">+Mr Demo</span>",False,2026-03-13 05:18:04.180617,NULL,email,NULL,NULL,5,NULL,NULL,large,open,comfortable,40
7,1,8,True,2026-03-13 05:10:22.053981,portal,$pbkdf2-sha512$600000$MaYUQmjt/b.3NqY0ZgyhlA$ekFAVKM/0zQB0RuY3Ta4bWxRTNkWuqVRqOUS7CGr96dREJ7ajQrQFh9BMZdl4QSk5ZOYM7W8hZDECi/0KLzV4w,NULL,1,1,"<span data-o-mail-quote=""1"">-- <br data-o-mail-quote=""1"">Mr Demo Portal</span>",True,2026-03-13 05:17:10.349641,NULL,email,NULL,NULL,NULL,NULL,NULL,large,open,comfortable,40
8,1,67,True,2026-03-13 05:39:25.093626,Marcos@yopmail.com,NULL,NULL,2,2,"<p data-o-mail-quote=""1"">--<br data-o-mail-quote=""1"">Marcos</p>",False,2026-03-13 05:39:25.093626,NULL,email,NULL,NULL,NULL,NULL,NULL,large,open,comfortable,40
9,1,68,True,2026-03-13 05:40:20.256443,Karan@yopmail.com,$pbkdf2-sha512$600000$gJDyfs/Z.9.bsxZCqJXyng$APMRPdBLXqQRe8KTrmIJhx9oTKTMTVgSCmEBXkI9oi0ak4kBjVOQcCAELozNeRo1swPkDEm4TrheZMjQypTa5A,NULL,2,9,"<p data-o-mail-quote=""1"">--<br data-o-mail-quote=""1"">Karan</p>",False,2026-03-17 06:04:08.579272,NULL,email,onboarding_emoji,NULL,NULL,NULL,NULL,large,open,comfortable,40
